trial,coil_current_A,gun_voltage_V,left_reading_cm,right_reading_cm,beam_width_mm,measurement_no
3,1.5,300.0,-9.8,5.0,5.0,1.0
3,1.5,300.0,-9.7,5.0,5.0,2.0
3,1.5,300.0,-9.8,5.0,5.0,3.0
3,1.5,270.0,-9.5,5.0,5.0,1.0
3,1.5,270.0,-9.3,5.0,5.0,2.0
3,1.5,270.0,-9.3,5.0,5.0,3.0
3,1.5,240.0,-8.4,5.0,5.0,1.0
3,1.5,240.0,-8.3,5.0,5.0,2.0
3,1.5,240.0,-8.2,5.0,5.0,3.0
3,1.5,210.0,-7.0,5.0,4.0,1.0
3,1.5,210.0,-7.1,5.0,4.0,2.0
3,1.5,210.0,-7.0,5.0,4.0,3.0
3,1.5,180.0,-6.0,5.0,4.0,1.0
3,1.5,180.0,-5.9,5.0,4.0,2.0
3,1.5,180.0,-5.9,5.0,4.0,3.0
3,1.5,150.0,-4.8,5.0,4.0,1.0
3,1.5,150.0,-4.9,5.0,4.0,2.0
3,1.5,150.0,-5.0,5.0,4.0,3.0
1,1.75,300.0,-6.2,5.0,2.0,1.0
1,1.75,300.0,-6.4,5.0,2.0,2.0
1,1.75,300.0,-6.5,5.0,2.0,3.0
1,1.75,270.0,-6.3,5.0,3.0,1.0
1,1.75,270.0,-6.2,5.0,3.0,2.0
1,1.75,270.0,-6.25,5.0,3.0,3.0
1,1.75,240.0,-5.5,5.0,3.0,1.0
1,1.75,240.0,-5.5,5.0,3.0,2.0
1,1.75,240.0,-5.4,5.0,3.0,3.0
1,1.75,210.0,-4.9,5.0,3.0,1.0
1,1.75,210.0,-5.0,5.0,3.0,2.0
1,1.75,210.0,-4.9,5.0,3.0,3.0
1,1.75,180.0,-4.2,5.0,4.0,1.0
1,1.75,180.0,-4.1,5.0,4.0,2.0
1,1.75,180.0,-4.0,5.0,4.0,3.0
1,1.75,150.0,-3.4,5.0,4.0,1.0
1,1.75,150.0,-3.3,5.0,4.0,2.0
1,1.75,150.0,-3.3,5.0,4.0,3.0
2,2.0,300.0,-6.4,5.0,2.0,1.0
2,2.0,300.0,-6.3,5.0,2.0,2.0
2,2.0,300.0,-6.4,5.0,2.0,3.0
2,2.0,270.0,-5.7,5.0,3.0,1.0
2,2.0,270.0,-5.6,5.0,3.0,2.0
2,2.0,270.0,-5.8,5.0,3.0,3.0
2,2.0,240.0,-5.1,5.0,3.0,1.0
2,2.0,240.0,-5.0,5.0,3.0,2.0
2,2.0,240.0,-4.9,5.0,3.0,3.0
2,2.0,210.0,-4.5,5.0,3.0,1.0
2,2.0,210.0,-4.4,5.0,3.0,2.0
2,2.0,210.0,-4.4,5.0,3.0,3.0
2,2.0,180.0,-3.7,5.0,3.0,1.0
2,2.0,180.0,-3.6,5.0,3.0,2.0
2,2.0,180.0,-3.8,5.0,3.0,3.0
2,2.0,150.0,-2.9,5.0,3.0,1.0
2,2.0,150.0,-2.8,5.0,3.0,2.0
2,2.0,150.0,-2.8,5.0,3.0,3.0
